{
  "metadata": {
    "generated_at": "20250829_174413",
    "description": "XvX win probabilities and sample sizes for current analysis run",
    "total_rounds": 90613,
    "total_kills": 652670,
    "total_players": 44080,
    "unique_maps": 11,
    "data_structure": {
      "win_probabilities": {
        "atk_no_spike": "Win probabilities for attackers when no spike is planted",
        "atk_spike": "Win probabilities for attackers when spike is planted",
        "def_no_spike": "Win probabilities for defenders when no spike is planted",
        "def_spike": "Win probabilities for defenders when spike is planted"
      },
      "sample_sizes": {
        "atk_no_spike_samples": "Sample sizes for attackers when no spike is planted",
        "atk_spike_samples": "Sample sizes for attackers when spike is planted",
        "def_no_spike_samples": "Sample sizes for defenders when no spike is planted",
        "def_spike_samples": "Sample sizes for defenders when spike is planted"
      }
    }
  },
  "win_probabilities": {
    "atk_no_spike": {
      "5v5": 0.4951381601958727,
      "5v4": 0.7096774193548387,
      "4v4": 0.505158145334996,
      "4v5": 0.29993191103041306,
      "4v3": 0.7321262286601138,
      "3v3": 0.49005573161403126,
      "3v2": 0.7457990301116499,
      "2v2": 0.4488806831294715,
      "1v2": 0.1319580078125,
      "1v1": 0.3842088902704383,
      "3v5": 0.1254551175439385,
      "2v5": 0.031977487848554614,
      "1v5": 0.002431241452666768,
      "1v4": 0.01025964801515271,
      "1v3": 0.040588097286306406,
      "3v4": 0.27026924102212574,
      "4v2": 0.9088093173088837,
      "4v1": 0.9848249027237355,
      "2v4": 0.0903076414158121,
      "2v3": 0.2147163695299838,
      "5v3": 0.8783556433326019,
      "3v1": 0.9326732673267327,
      "2v1": 0.7623112278397899,
      "5v2": 0.9693121693121693,
      "5v1": 0.9932279909706546,
      "5v0": 1.0,
      "4v0": 1.0,
      "3v0": 1.0,
      "2v0": 1.0,
      "0v5": 0.0,
      "0v4": 0.0,
      "0v3": 0.0,
      "0v2": 0.0,
      "0v1": 0.0,
      "1v0": 1.0
    },
    "def_no_spike": {
      "5v5": 0.5048618398041274,
      "4v5": 0.2903225806451613,
      "4v4": 0.49484185466500397,
      "5v4": 0.7000680889695869,
      "3v4": 0.2678737713398862,
      "3v3": 0.5099442683859687,
      "2v3": 0.25420096988835006,
      "2v2": 0.5511193168705285,
      "2v1": 0.8680419921875,
      "1v1": 0.6157911097295617,
      "5v3": 0.8745448824560615,
      "5v2": 0.9680225121514454,
      "5v1": 0.9975687585473332,
      "4v1": 0.9897403519848473,
      "3v1": 0.9594119027136936,
      "4v3": 0.7297307589778742,
      "2v4": 0.09119068269111634,
      "1v4": 0.015175097276264591,
      "4v2": 0.9096923585841878,
      "3v2": 0.7852836304700163,
      "3v5": 0.12164435666739815,
      "1v3": 0.06732673267326733,
      "1v2": 0.23768877216021012,
      "2v5": 0.030687830687830688,
      "1v5": 0.006772009029345372,
      "5v0": 0.0,
      "4v0": 0.0,
      "3v0": 0.0,
      "2v0": 0.0,
      "0v5": 1.0,
      "0v4": 1.0,
      "0v3": 1.0,
      "0v2": 1.0,
      "0v1": 1.0,
      "1v0": 0.0
    },
    "atk_spike": {
      "4v5": 0.39842180774748925,
      "3v5": 0.19106116048092003,
      "3v4": 0.36145598194130923,
      "3v3": 0.6062132661628883,
      "3v2": 0.8440953745395006,
      "3v1": 0.9746499142082249,
      "5v5": 0.6375106928999145,
      "5v4": 0.8165914221218962,
      "5v3": 0.9366032359824972,
      "4v3": 0.820621892037625,
      "4v2": 0.9503922751961376,
      "2v2": 0.5994431877501305,
      "2v1": 0.8849188458070334,
      "1v1": 0.597878348469816,
      "1v2": 0.24951721918249115,
      "4v4": 0.6210163019532972,
      "2v4": 0.1354213273676361,
      "2v3": 0.32424855941442143,
      "4v1": 0.9945589088798608,
      "1v4": 0.02553413236060448,
      "1v3": 0.07854050711193568,
      "5v2": 0.9867758186397985,
      "5v1": 0.9979227972996365,
      "2v5": 0.048656867714140906,
      "1v5": 0.010945273631840797,
      "5v0": 1.0,
      "4v0": 1.0,
      "3v0": 1.0,
      "2v0": 1.0,
      "0v5": 0.0,
      "0v4": 0.0,
      "0v3": 0.0,
      "0v2": 0.0,
      "0v1": 0.0,
      "1v0": 1.0
    },
    "def_spike": {
      "5v4": 0.6015781922525107,
      "5v3": 0.80893883951908,
      "4v3": 0.6385440180586908,
      "3v3": 0.39378673383711166,
      "2v3": 0.15590462546049938,
      "1v3": 0.02535008579177506,
      "5v5": 0.36248930710008553,
      "4v5": 0.18340857787810383,
      "3v5": 0.0633967640175028,
      "3v4": 0.17937810796237494,
      "2v4": 0.0496077248038624,
      "2v2": 0.4005568122498695,
      "1v2": 0.11508115419296663,
      "1v1": 0.4021216515301839,
      "2v1": 0.7504827808175089,
      "4v4": 0.3789836980467029,
      "4v2": 0.8645786726323639,
      "3v2": 0.6757514405855786,
      "1v4": 0.005441091120139292,
      "4v1": 0.9744658676393955,
      "3v1": 0.9214594928880643,
      "2v5": 0.01322418136020151,
      "1v5": 0.0020772027003635105,
      "5v2": 0.9513431322858591,
      "5v1": 0.9890547263681592,
      "5v0": 0.0,
      "4v0": 0.0,
      "3v0": 0.0,
      "2v0": 0.0,
      "0v5": 1.0,
      "0v4": 1.0,
      "0v3": 1.0,
      "0v2": 1.0,
      "0v1": 1.0,
      "1v0": 0.0
    }
  },
  "sample_sizes": {
    "atk_no_spike": {
      "5v5": 85770,
      "5v4": 35247,
      "4v4": 35284,
      "4v5": 44060,
      "4v3": 19330,
      "3v3": 18302,
      "3v2": 8867,
      "2v2": 8666,
      "1v2": 8192,
      "1v1": 3217,
      "3v5": 22247,
      "2v5": 11727,
      "1v5": 6581,
      "1v4": 12671,
      "1v3": 12787,
      "3v4": 26259,
      "4v2": 8071,
      "4v1": 2570,
      "2v4": 18138,
      "2v3": 15425,
      "5v3": 13671,
      "3v1": 3030,
      "2v1": 3046,
      "5v2": 4725,
      "5v1": 1329
    },
    "def_no_spike": {
      "5v5": 85770,
      "4v5": 35247,
      "4v4": 35284,
      "5v4": 44060,
      "3v4": 19330,
      "3v3": 18302,
      "2v3": 8867,
      "2v2": 8666,
      "2v1": 8192,
      "1v1": 3217,
      "5v3": 22247,
      "5v2": 11727,
      "5v1": 6581,
      "4v1": 12671,
      "3v1": 12787,
      "4v3": 26259,
      "2v4": 8071,
      "1v4": 2570,
      "4v2": 18138,
      "3v2": 15425,
      "3v5": 13671,
      "1v3": 3030,
      "1v2": 3046,
      "2v5": 4725,
      "1v5": 1329
    },
    "atk_spike": {
      "4v5": 6970,
      "3v5": 3826,
      "3v4": 10632,
      "3v3": 16674,
      "3v2": 19544,
      "3v1": 18067,
      "5v5": 9352,
      "5v4": 10632,
      "5v3": 9827,
      "4v3": 16691,
      "4v2": 16570,
      "2v2": 17241,
      "2v1": 17744,
      "1v1": 13103,
      "1v2": 12428,
      "4v4": 13618,
      "2v4": 6705,
      "2v3": 12842,
      "4v1": 13784,
      "1v4": 3838,
      "1v3": 8085,
      "5v2": 7940,
      "5v1": 5777,
      "2v5": 1973,
      "1v5": 1005
    },
    "def_spike": {
      "5v4": 6970,
      "5v3": 3826,
      "4v3": 10632,
      "3v3": 16674,
      "2v3": 19544,
      "1v3": 18067,
      "5v5": 9352,
      "4v5": 10632,
      "3v5": 9827,
      "3v4": 16691,
      "2v4": 16570,
      "2v2": 17241,
      "1v2": 17744,
      "1v1": 13103,
      "2v1": 12428,
      "4v4": 13618,
      "4v2": 6705,
      "3v2": 12842,
      "1v4": 13784,
      "4v1": 3838,
      "3v1": 8085,
      "2v5": 7940,
      "1v5": 5777,
      "5v2": 1973,
      "5v1": 1005
    }
  }
}