{
  "KillContrib": 0.4314443970577043,
  "DeathContrib": 0.4314443970577043,
  "APR": 0.05202608006591386,
  "ADRa": 0.08508512581867748
}